idx,col,error_type,estimated_value,current_dirty_value
2,3,0,0.0,
2,4,0,0.0,
3,3,0,0.0,
3,4,0,0.0,
4,3,0,0.0,
4,4,0,0.0,
5,3,0,0.0,
5,4,0,0.0,
6,3,0,0.0,
6,4,0,0.0,
7,3,0,0.0,
7,4,0,0.0,
8,3,0,0.0,
8,4,0,0.0,
9,3,0,0.0,
9,4,0,0.0,
10,3,0,0.0,
10,4,0,0.0,
11,3,0,0.0,
11,4,0,0.0,
12,3,0,0.0,
12,4,0,0.0,
13,3,0,0.0,
13,4,0,0.0,
14,3,0,0.0,
14,4,0,0.0,
15,3,0,0.0,
15,4,0,0.0,
16,3,0,0.0,
16,4,0,0.0,
17,3,0,0.0,
17,4,0,0.0,
18,3,0,0.0,
18,4,0,0.0,
19,3,0,0.0,
19,4,0,0.0,
20,3,0,0.0,
20,4,0,0.0,
21,3,0,0.0,
21,4,0,0.0,
22,3,0,0.0,
22,4,0,0.0,
23,3,0,0.0,
23,4,0,0.0,
24,3,0,0.0,
24,4,0,0.0,
25,3,0,0.0,
25,4,0,0.0,
26,3,0,0.0,
26,4,0,0.0,
27,3,0,0.0,
27,4,0,0.0,
28,3,0,0.0,
28,4,0,0.0,
29,3,0,0.0,
29,4,0,0.0,
30,3,0,0.0,
30,4,0,0.0,
31,3,0,0.0,
31,4,0,0.0,
32,3,0,0.0,
32,4,0,0.0,
33,3,0,0.0,
33,4,0,0.0,
34,3,0,0.0,
34,4,0,0.0,
35,3,0,0.0,
35,4,0,0.0,
36,3,0,0.0,
36,4,0,0.0,
37,3,0,0.0,
37,4,0,0.0,
38,3,0,0.0,
38,4,0,0.0,
39,3,0,0.0,
39,4,0,0.0,
40,3,0,0.0,
40,4,0,0.0,
41,3,0,0.0,
41,4,0,0.0,
42,3,0,0.0,
42,4,0,0.0,
43,3,0,0.0,
43,4,0,0.0,
44,3,0,0.0,
44,4,0,0.0,
45,3,0,0.0,
45,4,0,0.0,
46,3,0,0.0,
46,4,0,0.0,
47,3,0,0.0,
47,4,0,0.0,
48,3,0,0.0,
48,4,0,0.0,
49,3,0,0.0,
49,4,0,0.0,
50,3,0,0.0,
50,4,0,0.0,
51,3,0,0.0,
51,4,0,0.0,
52,3,0,0.0,
52,4,0,0.0,
53,3,0,0.0,
53,4,0,0.0,
54,3,0,0.0,
54,4,0,0.0,
55,3,0,0.0,
55,4,0,0.0,
56,3,0,0.0,
56,4,0,0.0,
57,3,0,0.0,
57,4,0,0.0,
58,3,0,0.0,
58,4,0,0.0,
59,3,0,0.0,
59,4,0,0.0,
60,3,0,0.0,
60,4,0,0.0,
61,3,0,0.0,
61,4,0,0.0,
62,3,0,0.0,
62,4,0,0.0,
63,3,0,0.0,
63,4,0,0.0,
64,3,0,0.0,
64,4,0,0.0,
65,3,0,0.0,
65,4,0,0.0,
66,3,0,0.0,
66,4,0,0.0,
67,3,0,0.0,
67,4,0,0.0,
68,3,0,0.0,
68,4,0,0.0,
69,3,0,0.0,
69,4,0,0.0,
70,3,0,0.0,
70,4,0,0.0,
71,3,0,0.0,
71,4,0,0.0,
72,3,0,0.0,
72,4,0,0.0,
73,3,0,0.0,
73,4,0,0.0,
74,3,0,0.0,
74,4,0,0.0,
75,3,0,0.0,
75,4,0,0.0,
76,3,0,0.0,
76,4,0,0.0,
77,3,0,0.0,
77,4,0,0.0,
78,3,0,0.0,
78,4,0,0.0,
79,3,0,0.0,
79,4,0,0.0,
80,3,0,0.0,
80,4,0,0.0,
81,3,0,0.0,
81,4,0,0.0,
82,3,0,0.0,
82,4,0,0.0,
83,3,0,0.0,
83,4,0,0.0,
84,3,0,0.0,
84,4,0,0.0,
85,3,0,0.0,
85,4,0,0.0,
86,3,0,0.0,
86,4,0,0.0,
87,3,0,0.0,
87,4,0,0.0,
88,3,0,0.0,
88,4,0,0.0,
89,3,0,0.0,
89,4,0,0.0,
90,3,0,0.0,
90,4,0,0.0,
91,3,0,0.0,
91,4,0,0.0,
92,3,0,0.0,
92,4,0,0.0,
93,3,0,0.0,
93,4,0,0.0,
94,3,0,0.0,
94,4,0,0.0,
95,3,0,0.0,
95,4,0,0.0,
96,3,0,0.0,
96,4,0,0.0,
97,3,0,0.0,
97,4,0,0.0,
98,3,0,0.0,
98,4,0,0.0,
99,3,0,0.0,
99,4,0,0.0,
100,3,0,0.0,
100,4,0,0.0,
101,3,0,0.0,
101,4,0,0.0,
102,3,0,0.0,
102,4,0,0.0,
103,3,0,0.0,
103,4,0,0.0,
104,3,0,0.0,
104,4,0,0.0,
105,3,0,0.0,
105,4,0,0.0,
106,3,0,0.0,
106,4,0,0.0,
107,3,0,0.0,
107,4,0,0.0,
108,3,0,0.0,
108,4,0,0.0,
109,3,0,0.0,
109,4,0,0.0,
110,3,0,0.0,
110,4,0,0.0,
111,3,0,0.0,
111,4,0,0.0,
112,3,0,0.0,
112,4,0,0.0,
113,3,0,0.0,
113,4,0,0.0,
114,3,0,0.0,
114,4,0,0.0,
115,3,0,0.0,
115,4,0,0.0,
116,3,0,0.0,
116,4,0,0.0,
117,3,0,0.0,
117,4,0,0.0,
118,3,0,0.0,
118,4,0,0.0,
119,3,0,0.0,
119,4,0,0.0,
120,3,0,0.0,
120,4,0,0.0,
121,3,0,0.0,
121,4,0,0.0,
122,3,0,0.0,
122,4,0,0.0,
123,3,0,0.0,
123,4,0,0.0,
124,3,0,0.0,
124,4,0,0.0,
125,3,0,0.0,
125,4,0,0.0,
126,3,0,0.0,
126,4,0,0.0,
127,3,0,0.0,
127,4,0,0.0,
128,3,0,0.0,
128,4,0,0.0,
129,3,0,0.0,
129,4,0,0.0,
130,3,0,0.0,
130,4,0,0.0,
131,3,0,0.0,
131,4,0,0.0,
132,3,0,0.0,
132,4,0,0.0,
133,3,0,0.0,
133,4,0,0.0,
134,3,0,0.0,
134,4,0,0.0,
135,3,0,0.0,
135,4,0,0.0,
136,3,0,0.0,
136,4,0,0.0,
137,3,0,0.0,
137,4,0,0.0,
138,3,0,0.0,
138,4,0,0.0,
139,3,0,0.0,
139,4,0,0.0,
140,3,0,0.0,
140,4,0,0.0,
141,3,0,0.0,
141,4,0,0.0,
142,3,0,0.0,
142,4,0,0.0,
143,3,0,0.0,
143,4,0,0.0,
144,3,0,0.0,
144,4,0,0.0,
145,3,0,0.0,
145,4,0,0.0,
146,3,0,0.0,
146,4,0,0.0,
147,3,0,0.0,
147,4,0,0.0,
148,3,0,0.0,
148,4,0,0.0,
149,3,0,0.0,
149,4,0,0.0,
150,3,0,0.0,
150,4,0,0.0,
151,3,0,0.0,
151,4,0,0.0,
152,3,0,0.0,
152,4,0,0.0,
153,3,0,0.0,
153,4,0,0.0,
154,3,0,0.0,
154,4,0,0.0,
155,3,0,0.0,
155,4,0,0.0,
156,3,0,0.0,
156,4,0,0.0,
157,3,0,0.0,
157,4,0,0.0,
158,3,0,0.0,
158,4,0,0.0,
159,3,0,0.0,
159,4,0,0.0,
160,3,0,0.0,
160,4,0,0.0,
161,3,0,0.0,
161,4,0,0.0,
162,3,0,0.0,
162,4,0,0.0,
163,3,0,0.0,
163,4,0,0.0,
164,3,0,0.0,
164,4,0,0.0,
165,3,0,0.0,
165,4,0,0.0,
166,3,0,0.0,
166,4,0,0.0,
167,3,0,0.0,
167,4,0,0.0,
168,3,0,0.0,
168,4,0,0.0,
169,3,0,0.0,
169,4,0,0.0,
170,3,0,0.0,
170,4,0,0.0,
171,3,0,0.0,
171,4,0,0.0,
172,3,0,0.0,
172,4,0,0.0,
173,3,0,0.0,
173,4,0,0.0,
174,3,0,0.0,
174,4,0,0.0,
175,3,0,0.0,
175,4,0,0.0,
176,3,0,0.0,
176,4,0,0.0,
177,3,0,0.0,
177,4,0,0.0,
178,3,0,0.0,
178,4,0,0.0,
179,3,0,0.0,
179,4,0,0.0,
180,3,0,0.0,
180,4,0,0.0,
181,3,0,0.0,
181,4,0,0.0,
182,3,0,0.0,
182,4,0,0.0,
183,3,0,0.0,
183,4,0,0.0,
184,3,0,0.0,
184,4,0,0.0,
185,3,0,0.0,
185,4,0,0.0,
186,3,0,0.0,
186,4,0,0.0,
187,3,0,0.0,
187,4,0,0.0,
188,3,0,0.0,
188,4,0,0.0,
189,3,0,0.0,
189,4,0,0.0,
190,3,0,0.0,
190,4,0,0.0,
191,3,0,0.0,
191,4,0,0.0,
192,3,0,0.0,
192,4,0,0.0,
193,3,0,0.0,
193,4,0,0.0,
194,3,0,0.0,
194,4,0,0.0,
195,3,0,0.0,
195,4,0,0.0,
196,3,0,0.0,
196,4,0,0.0,
197,3,0,0.0,
197,4,0,0.0,
198,3,0,0.0,
198,4,0,0.0,
199,3,0,0.0,
199,4,0,0.0,
200,3,0,0.0,
200,4,0,0.0,
201,3,0,0.0,
201,4,0,0.0,
202,3,0,0.0,
202,4,0,0.0,
203,3,0,0.0,
203,4,0,0.0,
204,3,0,0.0,
204,4,0,0.0,
205,3,0,0.0,
205,4,0,0.0,
206,3,0,0.0,
206,4,0,0.0,
207,3,0,0.0,
207,4,0,0.0,
208,3,0,0.0,
208,4,0,0.0,
209,3,0,0.0,
209,4,0,0.0,
210,3,0,0.0,
210,4,0,0.0,
211,3,0,0.0,
211,4,0,0.0,
212,3,0,0.0,
212,4,0,0.0,
213,3,0,0.0,
213,4,0,0.0,
214,3,0,0.0,
214,4,0,0.0,
215,3,0,0.0,
215,4,0,0.0,
216,3,0,0.0,
216,4,0,0.0,
217,3,0,0.0,
217,4,0,0.0,
218,3,0,0.0,
218,4,0,0.0,
219,3,0,0.0,
219,4,0,0.0,
220,3,0,0.0,
220,4,0,0.0,
221,3,0,0.0,
221,4,0,0.0,
222,3,0,0.0,
222,4,0,0.0,
223,3,0,0.0,
223,4,0,0.0,
224,3,0,0.0,
224,4,0,0.0,
225,3,0,0.0,
225,4,0,0.0,
226,3,0,0.0,
226,4,0,0.0,
227,3,0,0.0,
227,4,0,0.0,
228,3,0,0.0,
228,4,0,0.0,
229,3,0,0.0,
229,4,0,0.0,
230,3,0,0.0,
230,4,0,0.0,
231,3,0,0.0,
231,4,0,0.0,
232,3,0,0.0,
232,4,0,0.0,
233,3,0,0.0,
233,4,0,0.0,
234,3,0,0.0,
234,4,0,0.0,
235,3,0,0.0,
235,4,0,0.0,
236,3,0,0.0,
236,4,0,0.0,
237,3,0,0.0,
237,4,0,0.0,
238,3,0,0.0,
238,4,0,0.0,
239,3,0,0.0,
239,4,0,0.0,
240,3,0,0.0,
240,4,0,0.0,
241,3,0,0.0,
241,4,0,0.0,
242,3,0,0.0,
242,4,0,0.0,
243,3,0,0.0,
243,4,0,0.0,
244,3,0,0.0,
244,4,0,0.0,
245,3,0,0.0,
245,4,0,0.0,
246,3,0,0.0,
246,4,0,0.0,
247,3,0,0.0,
247,4,0,0.0,
248,3,0,0.0,
248,4,0,0.0,
249,3,0,0.0,
249,4,0,0.0,
250,3,0,0.0,
250,4,0,0.0,
251,3,0,0.0,
251,4,0,0.0,
252,3,0,0.0,
252,4,0,0.0,
253,3,0,0.0,
253,4,0,0.0,
254,3,0,0.0,
254,4,0,0.0,
255,3,0,0.0,
255,4,0,0.0,
256,3,0,0.0,
256,4,0,0.0,
257,3,0,0.0,
257,4,0,0.0,
258,3,0,0.0,
258,4,0,0.0,
259,3,0,0.0,
259,4,0,0.0,
260,3,0,0.0,
260,4,0,0.0,
261,3,0,0.0,
261,4,0,0.0,
262,3,0,0.0,
262,4,0,0.0,
263,3,0,0.0,
263,4,0,0.0,
264,3,0,0.0,
264,4,0,0.0,
265,3,0,0.0,
265,4,0,0.0,
266,3,0,0.0,
266,4,0,0.0,
267,3,0,0.0,
267,4,0,0.0,
268,3,0,0.0,
268,4,0,0.0,
269,3,0,0.0,
269,4,0,0.0,
270,3,0,0.0,
270,4,0,0.0,
271,3,0,0.0,
271,4,0,0.0,
272,3,0,0.0,
272,4,0,0.0,
273,3,0,0.0,
273,4,0,0.0,
274,3,0,0.0,
274,4,0,0.0,
275,3,0,0.0,
275,4,0,0.0,
276,3,0,0.0,
276,4,0,0.0,
277,3,0,0.0,
277,4,0,0.0,
278,3,0,0.0,
278,4,0,0.0,
279,3,0,0.0,
279,4,0,0.0,
280,3,0,0.0,
280,4,0,0.0,
281,3,0,0.0,
281,4,0,0.0,
282,3,0,0.0,
282,4,0,0.0,
283,3,0,0.0,
283,4,0,0.0,
284,3,0,0.0,
284,4,0,0.0,
285,3,0,0.0,
285,4,0,0.0,
286,3,0,0.0,
286,4,0,0.0,
287,3,0,0.0,
287,4,0,0.0,
288,3,0,0.0,
288,4,0,0.0,
289,3,0,0.0,
289,4,0,0.0,
290,3,0,0.0,
290,4,0,0.0,
291,3,0,0.0,
291,4,0,0.0,
292,3,0,0.0,
292,4,0,0.0,
293,3,0,0.0,
293,4,0,0.0,
294,3,0,0.0,
294,4,0,0.0,
295,3,0,0.0,
295,4,0,0.0,
296,3,0,0.0,
296,4,0,0.0,
297,3,0,0.0,
297,4,0,0.0,
298,3,0,0.0,
298,4,0,0.0,
299,3,0,0.0,
299,4,0,0.0,
300,3,0,0.0,
300,4,0,0.0,
301,3,0,0.0,
301,4,0,0.0,
302,3,0,0.0,
302,4,0,0.0,
303,3,0,0.0,
303,4,0,0.0,
304,3,0,0.0,
304,4,0,0.0,
305,3,0,0.0,
305,4,0,0.0,
306,3,0,0.0,
306,4,0,0.0,
307,3,0,0.0,
307,4,0,0.0,
308,3,0,0.0,
308,4,0,0.0,
309,3,0,0.0,
309,4,0,0.0,
310,3,0,0.0,
310,4,0,0.0,
311,3,0,0.0,
311,4,0,0.0,
312,3,0,0.0,
312,4,0,0.0,
313,3,0,0.0,
313,4,0,0.0,
314,3,0,0.0,
314,4,0,0.0,
315,3,0,0.0,
315,4,0,0.0,
316,3,0,0.0,
316,4,0,0.0,
317,3,0,0.0,
317,4,0,0.0,
318,3,0,0.0,
318,4,0,0.0,
319,3,0,0.0,
319,4,0,0.0,
320,3,0,0.0,
320,4,0,0.0,
321,3,0,0.0,
321,4,0,0.0,
322,3,0,0.0,
322,4,0,0.0,
323,3,0,0.0,
323,4,0,0.0,
324,3,0,0.0,
324,4,0,0.0,
325,3,0,0.0,
325,4,0,0.0,
326,3,0,0.0,
326,4,0,0.0,
327,3,0,0.0,
327,4,0,0.0,
328,3,0,0.0,
328,4,0,0.0,
329,3,0,0.0,
329,4,0,0.0,
330,3,0,0.0,
330,4,0,0.0,
331,3,0,0.0,
331,4,0,0.0,
332,3,0,0.0,
332,4,0,0.0,
333,3,0,0.0,
333,4,0,0.0,
334,3,0,0.0,
334,4,0,0.0,
335,3,0,0.0,
335,4,0,0.0,
336,3,0,0.0,
336,4,0,0.0,
337,3,0,0.0,
337,4,0,0.0,
338,3,0,0.0,
338,4,0,0.0,
339,3,0,0.0,
339,4,0,0.0,
340,3,0,0.0,
340,4,0,0.0,
341,3,0,0.0,
341,4,0,0.0,
342,3,0,0.0,
342,4,0,0.0,
343,3,0,0.0,
343,4,0,0.0,
344,3,0,0.0,
344,4,0,0.0,
345,3,0,0.0,
345,4,0,0.0,
346,3,0,0.0,
346,4,0,0.0,
347,3,0,0.0,
347,4,0,0.0,
348,3,0,0.0,
348,4,0,0.0,
349,3,0,0.0,
349,4,0,0.0,
350,3,0,0.0,
350,4,0,0.0,
351,3,0,0.0,
351,4,0,0.0,
352,3,0,0.0,
352,4,0,0.0,
353,3,0,0.0,
353,4,0,0.0,
354,3,0,0.0,
354,4,0,0.0,
355,3,0,0.0,
355,4,0,0.0,
356,3,0,0.0,
356,4,0,0.0,
357,3,0,0.0,
357,4,0,0.0,
358,3,0,0.0,
358,4,0,0.0,
359,3,0,0.0,
359,4,0,0.0,
360,3,0,0.0,
360,4,0,0.0,
361,3,0,0.0,
361,4,0,0.0,
362,3,0,0.0,
362,4,0,0.0,
363,3,0,0.0,
363,4,0,0.0,
364,3,0,0.0,
364,4,0,0.0,
365,3,0,0.0,
365,4,0,0.0,
366,3,0,0.0,
366,4,0,0.0,
367,3,0,0.0,
367,4,0,0.0,
368,3,0,0.0,
368,4,0,0.0,
369,3,0,0.0,
369,4,0,0.0,
370,3,0,0.0,
370,4,0,0.0,
371,3,0,0.0,
371,4,0,0.0,
372,3,0,0.0,
372,4,0,0.0,
373,3,0,0.0,
373,4,0,0.0,
374,3,0,0.0,
374,4,0,0.0,
375,3,0,0.0,
375,4,0,0.0,
376,3,0,0.0,
376,4,0,0.0,
377,3,0,0.0,
377,4,0,0.0,
378,3,0,0.0,
378,4,0,0.0,
379,3,0,0.0,
379,4,0,0.0,
380,3,0,0.0,
380,4,0,0.0,
381,3,0,0.0,
381,4,0,0.0,
382,3,0,0.0,
382,4,0,0.0,
383,3,0,0.0,
383,4,0,0.0,
384,3,0,0.0,
384,4,0,0.0,
385,3,0,0.0,
385,4,0,0.0,
386,3,0,0.0,
386,4,0,0.0,
387,3,0,0.0,
387,4,0,0.0,
388,3,0,0.0,
388,4,0,0.0,
389,3,0,0.0,
389,4,0,0.0,
390,3,0,0.0,
390,4,0,0.0,
391,3,0,0.0,
391,4,0,0.0,
392,3,0,0.0,
392,4,0,0.0,
393,3,0,0.0,
393,4,0,0.0,
394,3,0,0.0,
394,4,0,0.0,
395,3,0,0.0,
395,4,0,0.0,
396,3,0,0.0,
396,4,0,0.0,
397,3,0,0.0,
397,4,0,0.0,
398,3,0,0.0,
398,4,0,0.0,
399,3,0,0.0,
399,4,0,0.0,
400,3,0,0.0,
400,4,0,0.0,
401,3,0,0.0,
401,4,0,0.0,
402,3,0,0.0,
402,4,0,0.0,
403,3,0,0.0,
403,4,0,0.0,
404,3,0,0.0,
404,4,0,0.0,
405,3,0,0.0,
405,4,0,0.0,
406,3,0,0.0,
406,4,0,0.0,
407,3,0,0.0,
407,4,0,0.0,
408,3,0,0.0,
408,4,0,0.0,
409,3,0,0.0,
409,4,0,0.0,
410,3,0,0.0,
410,4,0,0.0,
411,3,0,0.0,
411,4,0,0.0,
412,3,0,0.0,
412,4,0,0.0,
413,3,0,0.0,
413,4,0,0.0,
414,3,0,0.0,
414,4,0,0.0,
415,3,0,0.0,
415,4,0,0.0,
416,3,0,0.0,
416,4,0,0.0,
417,3,0,0.0,
417,4,0,0.0,
418,3,0,0.0,
418,4,0,0.0,
419,3,0,0.0,
419,4,0,0.0,
420,3,0,0.0,
420,4,0,0.0,
421,3,0,0.0,
421,4,0,0.0,
422,3,0,0.0,
422,4,0,0.0,
423,3,0,0.0,
423,4,0,0.0,
424,3,0,0.0,
424,4,0,0.0,
425,3,0,0.0,
425,4,0,0.0,
426,3,0,0.0,
426,4,0,0.0,
427,3,0,0.0,
427,4,0,0.0,
428,3,0,0.0,
428,4,0,0.0,
429,3,0,0.0,
429,4,0,0.0,
430,3,0,0.0,
430,4,0,0.0,
431,3,0,0.0,
431,4,0,0.0,
432,3,0,0.0,
432,4,0,0.0,
433,3,0,0.0,
433,4,0,0.0,
434,3,0,0.0,
434,4,0,0.0,
435,3,0,0.0,
435,4,0,0.0,
436,3,0,0.0,
436,4,0,0.0,
437,3,0,0.0,
437,4,0,0.0,
438,3,0,0.0,
438,4,0,0.0,
439,3,0,0.0,
439,4,0,0.0,
440,3,0,0.0,
440,4,0,0.0,
441,3,0,0.0,
441,4,0,0.0,
442,3,0,0.0,
442,4,0,0.0,
443,3,0,0.0,
443,4,0,0.0,
444,3,0,0.0,
444,4,0,0.0,
445,3,0,0.0,
445,4,0,0.0,
446,3,0,0.0,
446,4,0,0.0,
447,3,0,0.0,
447,4,0,0.0,
448,3,0,0.0,
448,4,0,0.0,
449,3,0,0.0,
449,4,0,0.0,
450,3,0,0.0,
450,4,0,0.0,
451,3,0,0.0,
451,4,0,0.0,
452,3,0,0.0,
452,4,0,0.0,
453,3,0,0.0,
453,4,0,0.0,
454,3,0,0.0,
454,4,0,0.0,
455,3,0,0.0,
455,4,0,0.0,
456,3,0,0.0,
456,4,0,0.0,
457,3,0,0.0,
457,4,0,0.0,
458,3,0,0.0,
458,4,0,0.0,
459,3,0,0.0,
459,4,0,0.0,
460,3,0,0.0,
460,4,0,0.0,
461,3,0,0.0,
461,4,0,0.0,
462,3,0,0.0,
462,4,0,0.0,
463,3,0,0.0,
463,4,0,0.0,
464,3,0,0.0,
464,4,0,0.0,
465,3,0,0.0,
465,4,0,0.0,
466,3,0,0.0,
466,4,0,0.0,
467,3,0,0.0,
467,4,0,0.0,
468,3,0,0.0,
468,4,0,0.0,
469,3,0,0.0,
469,4,0,0.0,
470,3,0,0.0,
470,4,0,0.0,
471,3,0,0.0,
471,4,0,0.0,
472,3,0,0.0,
472,4,0,0.0,
473,3,0,0.0,
473,4,0,0.0,
474,3,0,0.0,
474,4,0,0.0,
475,3,0,0.0,
475,4,0,0.0,
476,3,0,0.0,
476,4,0,0.0,
477,3,0,0.0,
477,4,0,0.0,
478,3,0,0.0,
478,4,0,0.0,
479,3,0,0.0,
479,4,0,0.0,
480,3,0,0.0,
480,4,0,0.0,
481,3,0,0.0,
481,4,0,0.0,
482,3,0,0.0,
482,4,0,0.0,
483,3,0,0.0,
483,4,0,0.0,
484,3,0,0.0,
484,4,0,0.0,
485,3,0,0.0,
485,4,0,0.0,
486,3,0,0.0,
486,4,0,0.0,
487,3,0,0.0,
487,4,0,0.0,
488,3,0,0.0,
488,4,0,0.0,
489,3,0,0.0,
489,4,0,0.0,
490,3,0,0.0,
490,4,0,0.0,
491,3,0,0.0,
491,4,0,0.0,
492,3,0,0.0,
492,4,0,0.0,
493,3,0,0.0,
493,4,0,0.0,
494,3,0,0.0,
494,4,0,0.0,
495,3,0,0.0,
495,4,0,0.0,
496,3,0,0.0,
496,4,0,0.0,
497,3,0,0.0,
497,4,0,0.0,
498,3,0,0.0,
498,4,0,0.0,
499,3,0,0.0,
499,4,0,0.0,
500,3,0,0.0,
500,4,0,0.0,
501,3,0,0.0,
501,4,0,0.0,
502,3,0,0.0,
502,4,0,0.0,
503,3,0,0.0,
503,4,0,0.0,
504,3,0,0.0,
504,4,0,0.0,
505,3,0,0.0,
505,4,0,0.0,
506,3,0,0.0,
506,4,0,0.0,
507,3,0,0.0,
507,4,0,0.0,
508,3,0,0.0,
508,4,0,0.0,
509,3,0,0.0,
509,4,0,0.0,
510,3,0,0.0,
510,4,0,0.0,
511,3,0,0.0,
511,4,0,0.0,
512,3,0,0.0,
512,4,0,0.0,
513,3,0,0.0,
513,4,0,0.0,
514,3,0,0.0,
514,4,0,0.0,
515,3,0,0.0,
515,4,0,0.0,
516,3,0,0.0,
516,4,0,0.0,
517,3,0,0.0,
517,4,0,0.0,
518,3,0,0.0,
518,4,0,0.0,
519,3,0,0.0,
519,4,0,0.0,
520,3,0,0.0,
520,4,0,0.0,
521,3,0,0.0,
521,4,0,0.0,
522,3,0,0.0,
522,4,0,0.0,
523,3,0,0.0,
523,4,0,0.0,
524,3,0,0.0,
524,4,0,0.0,
525,3,0,0.0,
525,4,0,0.0,
526,3,0,0.0,
526,4,0,0.0,
527,3,0,0.0,
527,4,0,0.0,
528,3,0,0.0,
528,4,0,0.0,
529,3,0,0.0,
529,4,0,0.0,
530,3,0,0.0,
530,4,0,0.0,
531,3,0,0.0,
531,4,0,0.0,
532,3,0,0.0,
532,4,0,0.0,
533,3,0,0.0,
533,4,0,0.0,
534,3,0,0.0,
534,4,0,0.0,
535,3,0,0.0,
535,4,0,0.0,
536,3,0,0.0,
536,4,0,0.0,
537,3,0,0.0,
537,4,0,0.0,
537,17,0,1.1087890847387483,
538,3,0,0.0,
538,4,0,0.0,
539,3,0,0.0,
539,4,0,0.0,
540,3,0,0.0,
540,4,0,0.0,
541,3,0,0.0,
541,4,0,0.0,
542,3,0,0.0,
542,4,0,0.0,
543,3,0,0.0,
543,4,0,0.0,
544,3,0,0.0,
544,4,0,0.0,
545,3,0,0.0,
545,4,0,0.0,
546,3,0,0.0,
546,4,0,0.0,
547,3,0,0.0,
547,4,0,0.0,
548,3,0,0.0,
548,4,0,0.0,
549,3,0,0.0,
549,4,0,0.0,
550,3,0,0.0,
550,4,0,0.0,
551,3,0,0.0,
551,4,0,0.0,
552,3,0,0.0,
552,4,0,0.0,
553,3,0,0.0,
553,4,0,0.0,
554,3,0,0.0,
554,4,0,0.0,
555,3,0,0.0,
555,4,0,0.0,
556,3,0,0.0,
556,4,0,0.0,
557,3,0,0.0,
557,4,0,0.0,
558,3,0,0.0,
558,4,0,0.0,
559,3,0,0.0,
559,4,0,0.0,
560,3,0,0.0,
560,4,0,0.0,
561,3,0,0.0,
561,4,0,0.0,
562,3,0,0.0,
562,4,0,0.0,
563,3,0,0.0,
563,4,0,0.0,
564,3,0,0.0,
564,4,0,0.0,
565,3,0,0.0,
565,4,0,0.0,
566,3,0,0.0,
566,4,0,0.0,
567,3,0,0.0,
567,4,0,0.0,
568,3,0,0.0,
568,4,0,0.0,
569,3,0,0.0,
569,4,0,0.0,
570,3,0,0.0,
570,4,0,0.0,
571,3,0,0.0,
571,4,0,0.0,
572,3,0,0.0,
572,4,0,0.0,
573,3,0,0.0,
573,4,0,0.0,
574,3,0,0.0,
574,4,0,0.0,
575,3,0,0.0,
575,4,0,0.0,
576,3,0,0.0,
576,4,0,0.0,
577,3,0,0.0,
577,4,0,0.0,
578,3,0,0.0,
578,4,0,0.0,
579,3,0,0.0,
579,4,0,0.0,
580,3,0,0.0,
580,4,0,0.0,
581,3,0,0.0,
581,4,0,0.0,
582,3,0,0.0,
582,4,0,0.0,
583,3,0,0.0,
583,4,0,0.0,
584,3,0,0.0,
584,4,0,0.0,
585,3,0,0.0,
585,4,0,0.0,
586,3,0,0.0,
586,4,0,0.0,
587,3,0,0.0,
587,4,0,0.0,
588,3,0,0.0,
588,4,0,0.0,
589,3,0,0.0,
589,4,0,0.0,
590,3,0,0.0,
590,4,0,0.0,
591,3,0,0.0,
591,4,0,0.0,
592,3,0,0.0,
592,4,0,0.0,
593,3,0,0.0,
593,4,0,0.0,
594,3,0,0.0,
594,4,0,0.0,
595,3,0,0.0,
595,4,0,0.0,
596,3,0,0.0,
596,4,0,0.0,
597,3,0,0.0,
597,4,0,0.0,
598,3,0,0.0,
598,4,0,0.0,
599,3,0,0.0,
599,4,0,0.0,
600,3,0,0.0,
600,4,0,0.0,
601,3,0,0.0,
601,4,0,0.0,
602,3,0,0.0,
602,4,0,0.0,
603,3,0,0.0,
603,4,0,0.0,
604,3,0,0.0,
604,4,0,0.0,
605,3,0,0.0,
605,4,0,0.0,
606,3,0,0.0,
606,4,0,0.0,
607,3,0,0.0,
607,4,0,0.0,
608,3,0,0.0,
608,4,0,0.0,
609,3,0,0.0,
609,4,0,0.0,
610,3,0,0.0,
610,4,0,0.0,
611,3,0,0.0,
611,4,0,0.0,
612,3,0,0.0,
612,4,0,0.0,
613,3,0,0.0,
613,4,0,0.0,
614,3,0,0.0,
614,4,0,0.0,
615,3,0,0.0,
615,4,0,0.0,
616,3,0,0.0,
616,4,0,0.0,
617,3,0,0.0,
617,4,0,0.0,
618,3,0,0.0,
618,4,0,0.0,
619,3,0,0.0,
619,4,0,0.0,
619,17,0,-1.1023408928745633,
620,3,0,0.0,
620,4,0,0.0,
621,3,0,0.0,
621,4,0,0.0,
622,3,0,0.0,
622,4,0,0.0,
623,3,0,0.0,
623,4,0,0.0,
624,3,0,0.0,
624,4,0,0.0,
625,3,0,0.0,
625,4,0,0.0,
626,3,0,0.0,
626,4,0,0.0,
627,3,0,0.0,
627,4,0,0.0,
628,3,0,0.0,
628,4,0,0.0,
629,3,0,0.0,
629,4,0,0.0,
630,3,0,0.0,
630,4,0,0.0,
631,3,0,0.0,
631,4,0,0.0,
632,3,0,0.0,
632,4,0,0.0,
633,3,0,0.0,
633,4,0,0.0,
634,3,0,0.0,
634,4,0,0.0,
635,3,0,0.0,
635,4,0,0.0,
636,3,0,0.0,
636,4,0,0.0,
637,3,0,0.0,
637,4,0,0.0,
638,3,0,0.0,
638,4,0,0.0,
638,14,0,1.3171779228958829,
639,3,0,0.0,
639,4,0,0.0,
640,3,0,0.0,
640,4,0,0.0,
641,3,0,0.0,
641,4,0,0.0,
642,3,0,0.0,
642,4,0,0.0,
643,3,0,0.0,
643,4,0,0.0,
644,3,0,0.0,
644,4,0,0.0,
645,3,0,0.0,
645,4,0,0.0,
646,3,0,0.0,
646,4,0,0.0,
647,3,0,0.0,
647,4,0,0.0,
648,3,0,0.0,
648,4,0,0.0,
649,3,0,0.0,
649,4,0,0.0,
650,3,0,0.0,
650,4,0,0.0,
651,3,0,0.0,
651,4,0,0.0,
652,3,0,0.0,
652,4,0,0.0,
653,3,0,0.0,
653,4,0,0.0,
654,3,0,0.0,
654,4,0,0.0,
655,3,0,0.0,
655,4,0,0.0,
656,3,0,0.0,
656,4,0,0.0,
657,3,0,0.0,
657,4,0,0.0,
658,3,0,0.0,
658,4,0,0.0,
659,3,0,0.0,
659,4,0,0.0,
660,3,0,0.0,
660,4,0,0.0,
661,3,0,0.0,
661,4,0,0.0,
662,3,0,0.0,
662,4,0,0.0,
663,3,0,0.0,
663,4,0,0.0,
664,3,0,0.0,
664,4,0,0.0,
665,3,0,0.0,
665,4,0,0.0,
666,3,0,0.0,
666,4,0,0.0,
667,3,0,0.0,
667,4,0,0.0,
668,3,0,0.0,
668,4,0,0.0,
669,3,0,0.0,
669,4,0,0.0,
670,3,0,0.0,
670,4,0,0.0,
671,3,0,0.0,
671,4,0,0.0,
671,17,0,-1.249749558048784,
672,3,0,0.0,
672,4,0,0.0,
673,3,0,0.0,
673,4,0,0.0,
674,3,0,0.0,
674,4,0,0.0,
675,3,0,0.0,
675,4,0,0.0,
676,3,0,0.0,
676,4,0,0.0,
677,3,0,0.0,
677,4,0,0.0,
678,3,0,0.0,
678,4,0,0.0,
679,3,0,0.0,
679,4,0,0.0,
680,3,0,0.0,
680,4,0,0.0,
681,3,0,0.0,
681,4,0,0.0,
682,3,0,0.0,
682,4,0,0.0,
683,3,0,0.0,
683,4,0,0.0,
684,3,0,0.0,
684,4,0,0.0,
685,3,0,0.0,
685,4,0,0.0,
686,3,0,0.0,
686,4,0,0.0,
687,3,0,0.0,
687,4,0,0.0,
688,3,0,0.0,
688,4,0,0.0,
689,3,0,0.0,
689,4,0,0.0,
690,3,0,0.0,
690,4,0,0.0,
691,3,0,0.0,
691,4,0,0.0,
692,3,0,0.0,
692,4,0,0.0,
693,3,0,0.0,
693,4,0,0.0,
694,3,0,0.0,
694,4,0,0.0,
695,3,0,0.0,
695,4,0,0.0,
696,3,0,0.0,
696,4,0,0.0,
697,3,0,0.0,
697,4,0,0.0,
698,3,0,0.0,
698,4,0,0.0,
699,3,0,0.0,
699,4,0,0.0,
700,3,0,0.0,
700,4,0,0.0,
701,3,0,0.0,
701,4,0,0.0,
702,3,0,0.0,
702,4,0,0.0,
703,3,0,0.0,
703,4,0,0.0,
704,3,0,0.0,
704,4,0,0.0,
705,3,0,0.0,
705,4,0,0.0,
706,3,0,0.0,
706,4,0,0.0,
707,3,0,0.0,
707,4,0,0.0,
708,3,0,0.0,
708,4,0,0.0,
709,3,0,0.0,
709,4,0,0.0,
710,3,0,0.0,
710,4,0,0.0,
711,3,0,0.0,
711,4,0,0.0,
712,3,0,0.0,
712,4,0,0.0,
713,3,0,0.0,
713,4,0,0.0,
714,3,0,0.0,
714,4,0,0.0,
715,3,0,0.0,
715,4,0,0.0,
716,3,0,0.0,
716,4,0,0.0,
717,3,0,0.0,
717,4,0,0.0,
718,3,0,0.0,
718,4,0,0.0,
719,3,0,0.0,
719,4,0,0.0,
719,17,0,-1.1760452254616738,
720,3,0,0.0,
720,4,0,0.0,
721,3,0,0.0,
721,4,0,0.0,
722,3,0,0.0,
722,4,0,0.0,
723,3,0,0.0,
723,4,0,0.0,
724,3,0,0.0,
724,4,0,0.0,
725,3,0,0.0,
725,4,0,0.0,
726,3,0,0.0,
726,4,0,0.0,
727,3,0,0.0,
727,4,0,0.0,
728,3,0,0.0,
728,4,0,0.0,
729,3,0,0.0,
729,4,0,0.0,
730,3,0,0.0,
730,4,0,0.0,
730,14,0,0.5710359539838533,
731,3,0,0.0,
731,4,0,0.0,
732,3,0,0.0,
732,4,0,0.0,
733,3,0,0.0,
733,4,0,0.0,
734,3,0,0.0,
734,4,0,0.0,
735,3,0,0.0,
735,4,0,0.0,
736,3,0,0.0,
736,4,0,0.0,
737,3,0,0.0,
737,4,0,0.0,
738,3,0,0.0,
738,4,0,0.0,
739,3,0,0.0,
739,4,0,0.0,
740,3,0,0.0,
740,4,0,0.0,
741,3,0,0.0,
741,4,0,0.0,
742,3,0,0.0,
742,4,0,0.0,
743,3,0,0.0,
743,4,0,0.0,
744,3,0,0.0,
744,4,0,0.0,
745,3,0,0.0,
745,4,0,0.0,
746,3,0,0.0,
746,4,0,0.0,
747,3,0,0.0,
747,4,0,0.0,
747,17,0,-1.1023408928745633,
748,3,0,0.0,
748,4,0,0.0,
749,3,0,0.0,
749,4,0,0.0,
750,3,0,0.0,
750,4,0,0.0,
751,3,0,0.0,
751,4,0,0.0,
752,3,0,0.0,
752,4,0,0.0,
753,3,0,0.0,
753,4,0,0.0,
754,3,0,0.0,
754,4,0,0.0,
755,3,0,0.0,
755,4,0,0.0,
756,3,0,0.0,
756,4,0,0.0,
757,3,0,0.0,
757,4,0,0.0,
758,3,0,0.0,
758,4,0,0.0,
759,3,0,0.0,
759,4,0,0.0,
760,3,0,0.0,
760,4,0,0.0,
761,3,0,0.0,
761,4,0,0.0,
762,3,0,0.0,
762,4,0,0.0,
763,3,0,0.0,
763,4,0,0.0,
764,3,0,0.0,
764,4,0,0.0,
765,3,0,0.0,
765,4,0,0.0,
766,3,0,0.0,
766,4,0,0.0,
767,3,0,0.0,
767,4,0,0.0,
768,3,0,0.0,
768,4,0,0.0,
769,3,0,0.0,
769,4,0,0.0,
770,3,0,0.0,
770,4,0,0.0,
771,3,0,0.0,
771,4,0,0.0,
772,3,0,0.0,
772,4,0,0.0,
773,3,0,0.0,
773,4,0,0.0,
774,3,0,0.0,
774,4,0,0.0,
775,3,0,0.0,
775,4,0,0.0,
776,3,0,0.0,
776,4,0,0.0,
777,3,0,0.0,
777,4,0,0.0,
778,3,0,0.0,
778,4,0,0.0,
779,3,0,0.0,
779,4,0,0.0,
780,3,0,0.0,
780,4,0,0.0,
781,3,0,0.0,
781,4,0,0.0,
782,3,0,0.0,
782,4,0,0.0,
782,17,0,-1.4708625558101154,
783,3,0,0.0,
783,4,0,0.0,
784,3,0,0.0,
784,4,0,0.0,
785,3,0,0.0,
785,4,0,0.0,
786,3,0,0.0,
786,4,0,0.0,
787,3,0,0.0,
787,4,0,0.0,
788,3,0,0.0,
788,4,0,0.0,
789,3,0,0.0,
789,4,0,0.0,
790,3,0,0.0,
790,4,0,0.0,
791,3,0,0.0,
791,4,0,0.0,
792,3,0,0.0,
792,4,0,0.0,
793,3,0,0.0,
793,4,0,0.0,
794,3,0,0.0,
794,4,0,0.0,
795,3,0,0.0,
795,4,0,0.0,
796,3,0,0.0,
796,4,0,0.0,
797,3,0,0.0,
797,4,0,0.0,
798,3,0,0.0,
798,4,0,0.0,
798,14,0,1.3171779228958829,
799,3,0,0.0,
799,4,0,0.0,
800,3,0,0.0,
800,4,0,0.0,
801,3,0,0.0,
801,4,0,0.0,
802,3,0,0.0,
802,4,0,0.0,
803,3,0,0.0,
803,4,0,0.0,
804,3,0,0.0,
804,4,0,0.0,
805,3,0,0.0,
805,4,0,0.0,
806,3,0,0.0,
806,4,0,0.0,
807,3,0,0.0,
807,4,0,0.0,
808,3,0,0.0,
808,4,0,0.0,
809,3,0,0.0,
809,4,0,0.0,
810,3,0,0.0,
810,4,0,0.0,
811,3,0,0.0,
811,4,0,0.0,
812,3,0,0.0,
812,4,0,0.0,
813,3,0,0.0,
813,4,0,0.0,
814,3,0,0.0,
814,4,0,0.0,
815,3,0,0.0,
815,4,0,0.0,
816,3,0,0.0,
816,4,0,0.0,
817,3,0,0.0,
817,4,0,0.0,
818,3,0,0.0,
818,4,0,0.0,
819,3,0,0.0,
819,4,0,0.0,
820,3,0,0.0,
820,4,0,0.0,
821,3,0,0.0,
821,4,0,0.0,
822,3,0,0.0,
822,4,0,0.0,
823,3,0,0.0,
823,4,0,0.0,
824,3,0,0.0,
824,4,0,0.0,
825,3,0,0.0,
825,4,0,0.0,
826,3,0,0.0,
826,4,0,0.0,
827,3,0,0.0,
827,4,0,0.0,
828,3,0,0.0,
828,4,0,0.0,
829,3,0,0.0,
829,4,0,0.0,
830,3,0,0.0,
830,4,0,0.0,
831,3,0,0.0,
831,4,0,0.0,
832,3,0,0.0,
832,4,0,0.0,
833,3,0,0.0,
833,4,0,0.0,
834,3,0,0.0,
834,4,0,0.0,
835,3,0,0.0,
835,4,0,0.0,
836,3,0,0.0,
836,4,0,0.0,
837,3,0,0.0,
837,4,0,0.0,
838,3,0,0.0,
838,4,0,0.0,
839,3,0,0.0,
839,4,0,0.0,
840,3,0,0.0,
840,4,0,0.0,
841,3,0,0.0,
841,4,0,0.0,
842,3,0,0.0,
842,4,0,0.0,
843,3,0,0.0,
843,4,0,0.0,
844,3,0,0.0,
844,4,0,0.0,
845,3,0,0.0,
845,4,0,0.0,
846,3,0,0.0,
846,4,0,0.0,
847,3,0,0.0,
847,4,0,0.0,
848,3,0,0.0,
848,4,0,0.0,
849,3,0,0.0,
849,4,0,0.0,
850,3,0,0.0,
850,4,0,0.0,
851,3,0,0.0,
851,4,0,0.0,
852,3,0,0.0,
852,4,0,0.0,
853,3,0,0.0,
853,4,0,0.0,
854,3,0,0.0,
854,4,0,0.0,
855,3,0,0.0,
855,4,0,0.0,
856,3,0,0.0,
856,4,0,0.0,
857,3,0,0.0,
857,4,0,0.0,
858,3,0,0.0,
858,4,0,0.0,
859,3,0,0.0,
859,4,0,0.0,
860,3,0,0.0,
860,4,0,0.0,
861,3,0,0.0,
861,4,0,0.0,
862,3,0,0.0,
862,4,0,0.0,
863,3,0,0.0,
863,4,0,0.0,
864,3,0,0.0,
864,4,0,0.0,
865,3,0,0.0,
865,4,0,0.0,
866,3,0,0.0,
866,4,0,0.0,
867,3,0,0.0,
867,4,0,0.0,
868,3,0,0.0,
868,4,0,0.0,
869,3,0,0.0,
869,4,0,0.0,
870,3,0,0.0,
870,4,0,0.0,
871,3,0,0.0,
871,4,0,0.0,
872,3,0,0.0,
872,4,0,0.0,
873,3,0,0.0,
873,4,0,0.0,
874,3,0,0.0,
874,4,0,0.0,
875,3,0,0.0,
875,4,0,0.0,
876,3,0,0.0,
876,4,0,0.0,
877,3,0,0.0,
877,4,0,0.0,
878,3,0,0.0,
878,4,0,0.0,
879,3,0,0.0,
879,4,0,0.0,
880,3,0,0.0,
880,4,0,0.0,
881,3,0,0.0,
881,4,0,0.0,
882,3,0,0.0,
882,4,0,0.0,
883,3,0,0.0,
883,4,0,0.0,
884,3,0,0.0,
884,4,0,0.0,
885,3,0,0.0,
885,4,0,0.0,
886,3,0,0.0,
886,4,0,0.0,
887,3,0,0.0,
887,4,0,0.0,
888,3,0,0.0,
888,4,0,0.0,
889,3,0,0.0,
889,4,0,0.0,
890,3,0,0.0,
890,4,0,0.0,
891,3,0,0.0,
891,4,0,0.0,
892,3,0,0.0,
892,4,0,0.0,
893,3,0,0.0,
893,4,0,0.0,
894,3,0,0.0,
894,4,0,0.0,
895,3,0,0.0,
895,4,0,0.0,
896,3,0,0.0,
896,4,0,0.0,
897,3,0,0.0,
897,4,0,0.0,
898,3,0,0.0,
898,4,0,0.0,
899,3,0,0.0,
899,4,0,0.0,
900,3,0,0.0,
900,4,0,0.0,
901,3,0,0.0,
901,4,0,0.0,
902,3,0,0.0,
902,4,0,0.0,
903,3,0,0.0,
903,4,0,0.0,
904,3,0,0.0,
904,4,0,0.0,
905,3,0,0.0,
905,4,0,0.0,
906,3,0,0.0,
906,4,0,0.0,
907,3,0,0.0,
907,4,0,0.0,
908,3,0,0.0,
908,4,0,0.0,
909,3,0,0.0,
909,4,0,0.0,
910,3,0,0.0,
910,4,0,0.0,
911,3,0,0.0,
911,4,0,0.0,
912,3,0,0.0,
912,4,0,0.0,
913,3,0,0.0,
913,4,0,0.0,
914,3,0,0.0,
914,4,0,0.0,
915,3,0,0.0,
915,4,0,0.0,
916,3,0,0.0,
916,4,0,0.0,
917,3,0,0.0,
917,4,0,0.0,
918,3,0,0.0,
918,4,0,0.0,
919,3,0,0.0,
919,4,0,0.0,
920,3,0,0.0,
920,4,0,0.0,
921,3,0,0.0,
921,4,0,0.0,
922,3,0,0.0,
922,4,0,0.0,
923,3,0,0.0,
923,4,0,0.0,
924,3,0,0.0,
924,4,0,0.0,
925,3,0,0.0,
925,4,0,0.0,
926,3,0,0.0,
926,4,0,0.0,
927,3,0,0.0,
927,4,0,0.0,
928,3,0,0.0,
928,4,0,0.0,
929,3,0,0.0,
929,4,0,0.0,
930,3,0,0.0,
930,4,0,0.0,
931,3,0,0.0,
931,4,0,0.0,
932,3,0,0.0,
932,4,0,0.0,
933,3,0,0.0,
933,4,0,0.0,
934,3,0,0.0,
934,4,0,0.0,
935,3,0,0.0,
935,4,0,0.0,
936,3,0,0.0,
936,4,0,0.0,
937,3,0,0.0,
937,4,0,0.0,
938,3,0,0.0,
938,4,0,0.0,
939,3,0,0.0,
939,4,0,0.0,
940,3,0,0.0,
940,4,0,0.0,
941,3,0,0.0,
941,4,0,0.0,
942,3,0,0.0,
942,4,0,0.0,
943,3,0,0.0,
943,4,0,0.0,
944,3,0,0.0,
944,4,0,0.0,
945,3,0,0.0,
945,4,0,0.0,
946,3,0,0.0,
946,4,0,0.0,
947,3,0,0.0,
947,4,0,0.0,
948,3,0,0.0,
948,4,0,0.0,
949,3,0,0.0,
949,4,0,0.0,
950,3,0,0.0,
950,4,0,0.0,
951,3,0,0.0,
951,4,0,0.0,
952,3,0,0.0,
952,4,0,0.0,
952,17,0,0.8876760869774171,
953,3,0,0.0,
953,4,0,0.0,
954,3,0,0.0,
954,4,0,0.0,
955,3,0,0.0,
955,4,0,0.0,
956,3,0,0.0,
956,4,0,0.0,
957,3,0,0.0,
957,4,0,0.0,
958,3,0,0.0,
958,4,0,0.0,
959,3,0,0.0,
959,4,0,0.0,
960,3,0,0.0,
960,4,0,0.0,
961,3,0,0.0,
961,4,0,0.0,
962,3,0,0.0,
962,4,0,0.0,
963,3,0,0.0,
963,4,0,0.0,
964,3,0,0.0,
964,4,0,0.0,
965,3,0,0.0,
965,4,0,0.0,
966,3,0,0.0,
966,4,0,0.0,
967,3,0,0.0,
967,4,0,0.0,
968,3,0,0.0,
968,4,0,0.0,
969,3,0,0.0,
969,4,0,0.0,
970,3,0,0.0,
970,4,0,0.0,
971,3,0,0.0,
971,4,0,0.0,
972,3,0,0.0,
972,4,0,0.0,
973,3,0,0.0,
973,4,0,0.0,
974,3,0,0.0,
974,4,0,0.0,
975,3,0,0.0,
975,4,0,0.0,
976,3,0,0.0,
976,4,0,0.0,
977,3,0,0.0,
977,4,0,0.0,
978,3,0,0.0,
978,4,0,0.0,
979,3,0,0.0,
979,4,0,0.0,
980,3,0,0.0,
980,4,0,0.0,
981,3,0,0.0,
981,4,0,0.0,
982,3,0,0.0,
982,4,0,0.0,
983,3,0,0.0,
983,4,0,0.0,
984,3,0,0.0,
984,4,0,0.0,
985,3,0,0.0,
985,4,0,0.0,
986,3,0,0.0,
986,4,0,0.0,
987,3,0,0.0,
987,4,0,0.0,
988,3,0,0.0,
988,4,0,0.0,
989,3,0,0.0,
989,4,0,0.0,
990,3,0,0.0,
990,4,0,0.0,
991,3,0,0.0,
991,4,0,0.0,
992,3,0,0.0,
992,4,0,0.0,
993,3,0,0.0,
993,4,0,0.0,
994,3,0,0.0,
994,4,0,0.0,
995,3,0,0.0,
995,4,0,0.0,
996,3,0,0.0,
996,4,0,0.0,
997,3,0,0.0,
997,4,0,0.0,
998,3,0,0.0,
998,4,0,0.0,
999,3,0,0.0,
999,4,0,0.0,
21,13,1,-1.3000616671461391,-1.4951635906317156
46,13,1,-1.3000616671461391,-1.8853674376028684
71,13,1,-1.3000616671461391,-1.1049597436605625
84,11,1,0.8397213656988187,1.7238516133699275
96,13,1,-1.3000616671461391,-1.2025107054033508
105,14,1,0.2840582736330726,0.3988493457733849
108,13,1,0.6509575677096258,0.358304682481261
135,11,1,-1.5916368153967309,-0.7075065677256219
179,9,1,-0.11207110282052543,-0.11207110282052543
180,9,1,-0.11207110282052543,-0.11207110282052543
182,9,1,-0.11207110282052543,-0.11207110282052543
184,9,1,-0.11207110282052543,-0.11207110282052543
184,13,1,0.6509575677096258,0.2607537207384728
187,9,1,-0.11207110282052543,-0.11207110282052543
191,9,1,-0.05454322079829242,-0.11207110282052543
193,9,1,-0.11207110282052543,-0.11207110282052543
194,14,1,1.3171779228958829,-1.8969720970328603
198,14,1,-1.2656212002611429,1.3171779228958829
200,14,1,-1.4378078084716113,1.3171779228958829
201,14,1,1.3171779228958829,1.3171779228958829
202,14,1,1.3171779228958829,1.3171779228958829
204,14,1,1.3171779228958829,1.3171779228958829
205,14,1,1.3171779228958829,1.3171779228958829
206,14,1,1.3171779228958829,1.3171779228958829
207,14,1,1.3171779228958829,1.3171779228958829
208,14,1,1.3171779228958829,1.3171779228958829
209,14,1,1.3171779228958829,1.3171779228958829
210,14,1,1.3171779228958829,1.3171779228958829
212,14,1,1.3171779228958829,1.3171779228958829
213,14,1,1.3171779228958829,1.3171779228958829
214,14,1,1.3171779228958829,1.3171779228958829
215,14,1,1.3171779228958829,1.3171779228958829
219,14,1,-0.8638524477700499,-1.782181024892548
219,17,1,-1.028636560287453,-1.5445668883972257
244,17,1,1.845832410609852,2.582875736480956
245,17,1,1.845832410609852,1.845832410609852
247,17,1,1.845832410609852,-1.618271220984336
249,17,1,1.845832410609852,1.9932410757840728
250,17,1,-0.29159323441634916,-0.8812278951132322
269,14,1,-1.0934345920506745,-1.6673899527522358
269,17,1,-1.1760452254616738,-0.9549322277003426
294,14,1,-0.2325015509983325,-0.6342703034894254
294,17,1,-0.3652975670034595,0.0032240959320924004
295,11,1,1.1712702085754845,1.1712702085754845
296,17,1,-0.3652975670034595,-0.8075235625261218
297,11,1,1.1712702085754845,1.1712702085754845
299,11,1,1.1712702085754845,1.1712702085754845
300,11,1,1.1712702085754845,1.1712702085754845
302,11,1,0.8397213656988187,1.1712702085754845
306,11,1,1.3923027704932618,1.1712702085754845
307,11,1,1.060753927616596,1.3923027704932618
313,14,1,-0.28989708706848866,-1.2082256641909868
313,17,1,-1.1760452254616738,1.7721280780227415
318,11,1,-0.26544144389006746,-0.04440888197229022
333,9,1,1.383653829757533,1.4411817117797658
334,9,1,1.383653829757533,1.3261259477352998
336,13,1,1.0411614146807788,0.8460594911952023
340,8,1,0.3297325112701527,0.4020823011314385
346,17,1,0.9613804195645274,1.4773107476743002
348,14,1,1.3171779228958829,-1.8395765609627042
348,17,1,0.0032240959320924004,0.07692842851920279
354,17,1,-1.028636560287453,-1.6919755535714465
361,14,1,0.34145380970322875,-0.0029194067177079957
376,17,1,1.3299020825000794,0.8139717543903067
378,14,1,1.4319689950361951,0.11187166542260427
379,14,1,-1.0934345920506745,-1.5525988806119235
379,17,1,-1.1760452254616738,-0.9549322277003426
381,14,1,-0.8638524477700499,-1.3804122724014551
382,17,1,-0.21788890182923876,2.1406497409582936
392,14,1,-1.0934345920506745,0.05447612935244813
397,13,1,-1.3000616671461391,-1.690265514117292
401,13,1,-0.6172049349466213,-0.5196539732038331
412,11,1,-0.26544144389006746,-0.15492516293117883
414,14,1,-0.6916658395595815,-0.46208369527895704
432,17,1,-3.018653540139433,-3.0923578727265437
433,13,1,-0.6172049349466213,-0.2270010879754684
433,17,1,-3.018653540139433,-3.018653540139433
434,17,1,-2.8712448749652126,-2.944949207552323
435,17,1,-2.8712448749652126,-2.8712448749652126
436,17,1,-2.576427544616771,-2.797540542378102
437,17,1,-1.986792883919888,-2.7238362097909916
438,17,1,-2.576427544616771,-2.6501318772038815
439,17,1,-2.576427544616771,-2.576427544616771
440,17,1,-2.576427544616771,-2.5027232120296605
441,17,1,-2.576427544616771,-2.4290188794425505
442,17,1,-2.576427544616771,-2.35531454685544
443,17,1,-2.207905881681219,-2.2816102142683294
444,17,1,-2.207905881681219,-2.207905881681219
445,17,1,-2.207905881681219,-2.134201549094109
446,17,1,-2.576427544616771,-2.0604972165069984
447,17,1,-1.986792883919888,-1.986792883919888
448,17,1,-2.576427544616771,-1.9130885513327776
449,17,1,-2.576427544616771,-1.8393842187456673
450,14,1,-0.28989708706848866,-1.9543676331030164
450,17,1,-2.8712448749652126,-3.1660622053136542
451,17,1,-2.8712448749652126,2.288058406132514
453,17,1,0.3717457588676443,2.066945408371183
457,13,1,0.6509575677096258,0.748508529452414
458,9,1,-0.4572383949539235,-0.3421826309094575
460,9,1,-0.39971051293169046,0.23309618931287263
460,14,1,1.0302002425451022,1.2023868507555706
463,9,1,-0.39971051293169046,-0.4572383949539235
464,9,1,-0.39971051293169046,0.3481519533573387
465,9,1,-0.39971051293169046,-0.4572383949539235
466,17,1,-1.028636560287453,2.4354670713067352
468,14,1,-0.8638524477700499,-2.0117631691731725
470,14,1,-0.17510601492817637,-1.0360390559805184
478,8,1,-0.24906580762013367,-0.32141559748141946
481,7,1,1.0389450185338647,1.989034592974564
491,17,1,-1.3971582232230049,0.07692842851920279
496,14,1,-0.28989708706848866,-0.921247983840206
513,14,1,1.4319689950361951,0.9728047064749462
516,14,1,-0.6916658395595815,-1.4952033445417674
516,17,1,-1.249749558048784,-3.2397665379007643
527,5,1,0.5962189294109886,0.5399567418703338
533,7,1,0.5955698837948714,-1.747984399825521
541,14,1,-0.28989708706848866,-1.2082256641909868
541,17,1,-0.29159323441634916,0.07692842851920279
566,17,1,-1.1760452254616738,-0.7338192299390115
591,14,1,-0.11771047885802025,-1.6099944166820797
591,17,1,-0.21788890182923876,0.6665630892160859
603,8,1,-0.9725637062329917,-1.0449134960942774
616,14,1,-1.2656212002611429,-1.1508301281208306
616,17,1,-1.028636560287453,-1.6919755535714465
628,7,1,1.4189808483101445,1.4823201532728576
643,7,1,0.7222484937202981,1.9256952880118507
647,14,1,-0.9786435199103621,-0.8064569116998938
651,13,1,-0.6172049349466213,-1.7878164758600803
659,14,1,1.1449913146854145,1.0875957786152584
672,13,1,-1.3000616671461391,-1.3976126288889272
675,17,1,-0.3652975670034595,2.214354073545404
685,17,1,0.8876760869774171,1.5510150802614104
691,14,1,-1.0934345920506745,-0.4046881592088009
700,17,1,-1.3971582232230049,1.9195367431969623
777,14,1,-0.9786435199103621,-0.5194792313491131
786,17,1,-1.4708625558101154,-0.07048023665501799
798,11,1,-1.260087972520065,-1.0390554106022878
799,17,1,0.9613804195645274,1.2561977499129688
830,14,1,-1.0934345920506745,-0.7490613756297376
902,6,1,-0.1278009509515152,1.8049426611306083
902,9,1,-0.16959898484275845,1.843876885935397
913,17,1,-0.4390018995905699,-0.14418456924212836
930,14,1,-1.2656212002611429,-0.5768747674192692
933,17,1,-0.4390018995905699,-1.7656798861585568
942,14,1,0.5710359539838533,0.6284314900540094
950,17,1,1.3299020825000794,1.624719412848521
993,8,1,-1.551362025123278,-1.6237118149845637
